#,Time,%Passes,Change,Test,Pass,Partial,Fail,Untested,SessionNumber,SessionRunNumber,IsSuite,SuiteTests,PrerequisiteTests,ExtraCreditTests,
0,Wed Mar 17 22:33:11 CST 2021,3,3,SingleThreadTokenCount,StandAloneSingleThreadTokenCountResult+ , ,A1ConfigurationProvided+ StandAloneSingleThreadTokenCountMVC+ StandAloneSingleThreadTokenCountMapReduce+ TokenCountingMapper+ ,A1AccessModifiersMatched A1ClassIsGeneric A1ExpectedCalls A1ExpectedGetters A1ExpectedSetters A1ExpectedSignatures A1ExpectedSupertypes A1InterfaceAsType A1MnemonicNames A1NamedConstants A1NoCheckstyleWarnings A1PublicMethodsOverride DefaultFactoryMapObject DefaultFactoryReduceObject IntSummingMapper MapperFactory ReducerClass ReducerFactory StandAloneSingleThreadSumFactoryChange StandAloneSingleThreadSumMVC StandAloneSingleThreadSumMapReduce StandAloneSingleThreadSumResult SumMapperClass TokenCountsMapperClass ,0,0,true,StandAloneSingleThreadTokenCountMVC StandAloneSingleThreadTokenCountMapReduce StandAloneSingleThreadTokenCountResult TokenCountingMapper ,A1ConfigurationProvided ,,
1,Wed Mar 17 23:08:15 CST 2021,3,0,SingleThreadTokenCount,StandAloneSingleThreadTokenCountResult , ,A1ConfigurationProvided StandAloneSingleThreadTokenCountMVC StandAloneSingleThreadTokenCountMapReduce TokenCountingMapper ,A1AccessModifiersMatched A1ClassIsGeneric A1ExpectedCalls A1ExpectedGetters A1ExpectedSetters A1ExpectedSignatures A1ExpectedSupertypes A1InterfaceAsType A1MnemonicNames A1NamedConstants A1NoCheckstyleWarnings A1PublicMethodsOverride DefaultFactoryMapObject DefaultFactoryReduceObject IntSummingMapper MapperFactory ReducerClass ReducerFactory StandAloneSingleThreadSumFactoryChange StandAloneSingleThreadSumMVC StandAloneSingleThreadSumMapReduce StandAloneSingleThreadSumResult SumMapperClass TokenCountsMapperClass ,1,0,true,StandAloneSingleThreadTokenCountMVC StandAloneSingleThreadTokenCountMapReduce StandAloneSingleThreadTokenCountResult TokenCountingMapper ,A1ConfigurationProvided ,,
2,Thu Mar 18 10:58:48 CST 2021,3,0,MapReduceFactories,StandAloneSingleThreadTokenCountResult , ,A1ConfigurationProvided DefaultFactoryMapObject+ DefaultFactoryReduceObject+ MapperFactory+ ReducerFactory+ StandAloneSingleThreadTokenCountMVC StandAloneSingleThreadTokenCountMapReduce TokenCountingMapper ,A1AccessModifiersMatched A1ClassIsGeneric A1ExpectedCalls A1ExpectedGetters A1ExpectedSetters A1ExpectedSignatures A1ExpectedSupertypes A1InterfaceAsType A1MnemonicNames A1NamedConstants A1NoCheckstyleWarnings A1PublicMethodsOverride IntSummingMapper ReducerClass StandAloneSingleThreadSumFactoryChange StandAloneSingleThreadSumMVC StandAloneSingleThreadSumMapReduce StandAloneSingleThreadSumResult SumMapperClass TokenCountsMapperClass ,2,0,true,DefaultFactoryMapObject DefaultFactoryReduceObject MapperFactory ReducerFactory ,A1ConfigurationProvided ,,
3,Thu Mar 18 10:58:54 CST 2021,3,0,A1GeneralStyleSuite,StandAloneSingleThreadTokenCountResult , ,A1AccessModifiersMatched+ A1ConfigurationProvided A1InterfaceAsType+ A1MnemonicNames+ A1NamedConstants+ A1NoCheckstyleWarnings+ A1PublicMethodsOverride+ DefaultFactoryMapObject DefaultFactoryReduceObject MapperFactory ReducerFactory StandAloneSingleThreadTokenCountMVC StandAloneSingleThreadTokenCountMapReduce TokenCountingMapper ,A1ClassIsGeneric A1ExpectedCalls A1ExpectedGetters A1ExpectedSetters A1ExpectedSignatures A1ExpectedSupertypes IntSummingMapper ReducerClass StandAloneSingleThreadSumFactoryChange StandAloneSingleThreadSumMVC StandAloneSingleThreadSumMapReduce StandAloneSingleThreadSumResult SumMapperClass TokenCountsMapperClass ,2,1,true,A1AccessModifiersMatched A1InterfaceAsType A1MnemonicNames A1NamedConstants A1NoCheckstyleWarnings A1PublicMethodsOverride ,,A1AccessModifiersMatched A1MnemonicNames A1NoCheckstyleWarnings A1PublicMethodsOverride ,
4,Thu Mar 18 10:58:56 CST 2021,3,0,SingleThreadTokenCount,StandAloneSingleThreadTokenCountResult , ,A1AccessModifiersMatched A1ConfigurationProvided A1InterfaceAsType A1MnemonicNames A1NamedConstants A1NoCheckstyleWarnings A1PublicMethodsOverride DefaultFactoryMapObject DefaultFactoryReduceObject MapperFactory ReducerFactory StandAloneSingleThreadTokenCountMVC StandAloneSingleThreadTokenCountMapReduce TokenCountingMapper ,A1ClassIsGeneric A1ExpectedCalls A1ExpectedGetters A1ExpectedSetters A1ExpectedSignatures A1ExpectedSupertypes IntSummingMapper ReducerClass StandAloneSingleThreadSumFactoryChange StandAloneSingleThreadSumMVC StandAloneSingleThreadSumMapReduce StandAloneSingleThreadSumResult SumMapperClass TokenCountsMapperClass ,2,2,true,StandAloneSingleThreadTokenCountMVC StandAloneSingleThreadTokenCountMapReduce StandAloneSingleThreadTokenCountResult TokenCountingMapper ,,,
5,Thu Mar 18 11:10:04 CST 2021,3,0,SingleThreadTokenCount,StandAloneSingleThreadTokenCountResult , ,A1AccessModifiersMatched A1ConfigurationProvided A1InterfaceAsType A1MnemonicNames A1NamedConstants A1NoCheckstyleWarnings A1PublicMethodsOverride DefaultFactoryMapObject DefaultFactoryReduceObject MapperFactory ReducerFactory StandAloneSingleThreadTokenCountMVC StandAloneSingleThreadTokenCountMapReduce TokenCountingMapper ,A1ClassIsGeneric A1ExpectedCalls A1ExpectedGetters A1ExpectedSetters A1ExpectedSignatures A1ExpectedSupertypes IntSummingMapper ReducerClass StandAloneSingleThreadSumFactoryChange StandAloneSingleThreadSumMVC StandAloneSingleThreadSumMapReduce StandAloneSingleThreadSumResult SumMapperClass TokenCountsMapperClass ,3,0,true,StandAloneSingleThreadTokenCountMVC StandAloneSingleThreadTokenCountMapReduce StandAloneSingleThreadTokenCountResult TokenCountingMapper ,A1ConfigurationProvided ,,
6,Thu Mar 18 11:10:08 CST 2021,3,0,StandAloneSingleThreadTokenCountMVC,StandAloneSingleThreadTokenCountResult , ,A1AccessModifiersMatched A1ConfigurationProvided A1InterfaceAsType A1MnemonicNames A1NamedConstants A1NoCheckstyleWarnings A1PublicMethodsOverride DefaultFactoryMapObject DefaultFactoryReduceObject MapperFactory ReducerFactory StandAloneSingleThreadTokenCountMVC StandAloneSingleThreadTokenCountMapReduce TokenCountingMapper ,A1ClassIsGeneric A1ExpectedCalls A1ExpectedGetters A1ExpectedSetters A1ExpectedSignatures A1ExpectedSupertypes IntSummingMapper ReducerClass StandAloneSingleThreadSumFactoryChange StandAloneSingleThreadSumMVC StandAloneSingleThreadSumMapReduce StandAloneSingleThreadSumResult SumMapperClass TokenCountsMapperClass ,3,1,false,,,,
7,Thu Mar 18 11:10:45 CST 2021,3,0,StandAloneSingleThreadTokenCountResult,StandAloneSingleThreadTokenCountResult , ,A1AccessModifiersMatched A1ConfigurationProvided A1InterfaceAsType A1MnemonicNames A1NamedConstants A1NoCheckstyleWarnings A1PublicMethodsOverride DefaultFactoryMapObject DefaultFactoryReduceObject MapperFactory ReducerFactory StandAloneSingleThreadTokenCountMVC StandAloneSingleThreadTokenCountMapReduce TokenCountingMapper ,A1ClassIsGeneric A1ExpectedCalls A1ExpectedGetters A1ExpectedSetters A1ExpectedSignatures A1ExpectedSupertypes IntSummingMapper ReducerClass StandAloneSingleThreadSumFactoryChange StandAloneSingleThreadSumMVC StandAloneSingleThreadSumMapReduce StandAloneSingleThreadSumResult SumMapperClass TokenCountsMapperClass ,3,2,false,,,,
8,Thu Mar 18 11:12:02 CST 2021,0,-3,SingleThreadTokenCount, , ,A1AccessModifiersMatched A1ConfigurationProvided A1InterfaceAsType A1MnemonicNames A1NamedConstants A1NoCheckstyleWarnings A1PublicMethodsOverride DefaultFactoryMapObject DefaultFactoryReduceObject MapperFactory ReducerFactory StandAloneSingleThreadTokenCountMVC StandAloneSingleThreadTokenCountMapReduce StandAloneSingleThreadTokenCountResult- TokenCountingMapper ,A1ClassIsGeneric A1ExpectedCalls A1ExpectedGetters A1ExpectedSetters A1ExpectedSignatures A1ExpectedSupertypes IntSummingMapper ReducerClass StandAloneSingleThreadSumFactoryChange StandAloneSingleThreadSumMVC StandAloneSingleThreadSumMapReduce StandAloneSingleThreadSumResult SumMapperClass TokenCountsMapperClass ,4,0,true,StandAloneSingleThreadTokenCountMVC StandAloneSingleThreadTokenCountMapReduce StandAloneSingleThreadTokenCountResult TokenCountingMapper ,A1ConfigurationProvided ,,
9,Thu Mar 18 11:12:02 CST 2021,0,0,TokenCountingMapper, , ,A1AccessModifiersMatched A1ConfigurationProvided A1InterfaceAsType A1MnemonicNames A1NamedConstants A1NoCheckstyleWarnings A1PublicMethodsOverride DefaultFactoryMapObject DefaultFactoryReduceObject MapperFactory ReducerFactory StandAloneSingleThreadTokenCountMVC StandAloneSingleThreadTokenCountMapReduce StandAloneSingleThreadTokenCountResult TokenCountingMapper ,A1ClassIsGeneric A1ExpectedCalls A1ExpectedGetters A1ExpectedSetters A1ExpectedSignatures A1ExpectedSupertypes IntSummingMapper ReducerClass StandAloneSingleThreadSumFactoryChange StandAloneSingleThreadSumMVC StandAloneSingleThreadSumMapReduce StandAloneSingleThreadSumResult SumMapperClass TokenCountsMapperClass ,4,1,false,,,,
10,Thu Mar 18 11:12:05 CST 2021,0,0,StandAloneSingleThreadTokenCountMVC, , ,A1AccessModifiersMatched A1ConfigurationProvided A1InterfaceAsType A1MnemonicNames A1NamedConstants A1NoCheckstyleWarnings A1PublicMethodsOverride DefaultFactoryMapObject DefaultFactoryReduceObject MapperFactory ReducerFactory StandAloneSingleThreadTokenCountMVC StandAloneSingleThreadTokenCountMapReduce StandAloneSingleThreadTokenCountResult TokenCountingMapper ,A1ClassIsGeneric A1ExpectedCalls A1ExpectedGetters A1ExpectedSetters A1ExpectedSignatures A1ExpectedSupertypes IntSummingMapper ReducerClass StandAloneSingleThreadSumFactoryChange StandAloneSingleThreadSumMVC StandAloneSingleThreadSumMapReduce StandAloneSingleThreadSumResult SumMapperClass TokenCountsMapperClass ,4,2,false,,,,
11,Thu Mar 18 11:12:17 CST 2021,0,0,StandAloneSingleThreadTokenCountResult, , ,A1AccessModifiersMatched A1ConfigurationProvided A1InterfaceAsType A1MnemonicNames A1NamedConstants A1NoCheckstyleWarnings A1PublicMethodsOverride DefaultFactoryMapObject DefaultFactoryReduceObject MapperFactory ReducerFactory StandAloneSingleThreadTokenCountMVC StandAloneSingleThreadTokenCountMapReduce StandAloneSingleThreadTokenCountResult TokenCountingMapper ,A1ClassIsGeneric A1ExpectedCalls A1ExpectedGetters A1ExpectedSetters A1ExpectedSignatures A1ExpectedSupertypes IntSummingMapper ReducerClass StandAloneSingleThreadSumFactoryChange StandAloneSingleThreadSumMVC StandAloneSingleThreadSumMapReduce StandAloneSingleThreadSumResult SumMapperClass TokenCountsMapperClass ,4,3,false,,,,
12,Thu Mar 18 11:18:23 CST 2021,3,3,SingleThreadTokenCount,StandAloneSingleThreadTokenCountResult+ , ,A1AccessModifiersMatched A1ConfigurationProvided A1InterfaceAsType A1MnemonicNames A1NamedConstants A1NoCheckstyleWarnings A1PublicMethodsOverride DefaultFactoryMapObject DefaultFactoryReduceObject MapperFactory ReducerFactory StandAloneSingleThreadTokenCountMVC StandAloneSingleThreadTokenCountMapReduce TokenCountingMapper ,A1ClassIsGeneric A1ExpectedCalls A1ExpectedGetters A1ExpectedSetters A1ExpectedSignatures A1ExpectedSupertypes IntSummingMapper ReducerClass StandAloneSingleThreadSumFactoryChange StandAloneSingleThreadSumMVC StandAloneSingleThreadSumMapReduce StandAloneSingleThreadSumResult SumMapperClass TokenCountsMapperClass ,5,0,true,StandAloneSingleThreadTokenCountMVC StandAloneSingleThreadTokenCountMapReduce StandAloneSingleThreadTokenCountResult TokenCountingMapper ,A1ConfigurationProvided ,,
13,Thu Mar 18 11:18:28 CST 2021,3,0,StandAloneSingleThreadTokenCountMVC,StandAloneSingleThreadTokenCountResult , ,A1AccessModifiersMatched A1ConfigurationProvided A1InterfaceAsType A1MnemonicNames A1NamedConstants A1NoCheckstyleWarnings A1PublicMethodsOverride DefaultFactoryMapObject DefaultFactoryReduceObject MapperFactory ReducerFactory StandAloneSingleThreadTokenCountMVC StandAloneSingleThreadTokenCountMapReduce TokenCountingMapper ,A1ClassIsGeneric A1ExpectedCalls A1ExpectedGetters A1ExpectedSetters A1ExpectedSignatures A1ExpectedSupertypes IntSummingMapper ReducerClass StandAloneSingleThreadSumFactoryChange StandAloneSingleThreadSumMVC StandAloneSingleThreadSumMapReduce StandAloneSingleThreadSumResult SumMapperClass TokenCountsMapperClass ,5,1,false,,,,
14,Thu Mar 18 11:18:52 CST 2021,3,0,SingleThreadTokenCount,StandAloneSingleThreadTokenCountResult , ,A1AccessModifiersMatched A1ConfigurationProvided A1InterfaceAsType A1MnemonicNames A1NamedConstants A1NoCheckstyleWarnings A1PublicMethodsOverride DefaultFactoryMapObject DefaultFactoryReduceObject MapperFactory ReducerFactory StandAloneSingleThreadTokenCountMVC StandAloneSingleThreadTokenCountMapReduce TokenCountingMapper ,A1ClassIsGeneric A1ExpectedCalls A1ExpectedGetters A1ExpectedSetters A1ExpectedSignatures A1ExpectedSupertypes IntSummingMapper ReducerClass StandAloneSingleThreadSumFactoryChange StandAloneSingleThreadSumMVC StandAloneSingleThreadSumMapReduce StandAloneSingleThreadSumResult SumMapperClass TokenCountsMapperClass ,6,0,true,StandAloneSingleThreadTokenCountMVC StandAloneSingleThreadTokenCountMapReduce StandAloneSingleThreadTokenCountResult TokenCountingMapper ,A1ConfigurationProvided ,,
15,Thu Mar 18 11:18:54 CST 2021,3,0,StandAloneSingleThreadTokenCountMVC,StandAloneSingleThreadTokenCountResult , ,A1AccessModifiersMatched A1ConfigurationProvided A1InterfaceAsType A1MnemonicNames A1NamedConstants A1NoCheckstyleWarnings A1PublicMethodsOverride DefaultFactoryMapObject DefaultFactoryReduceObject MapperFactory ReducerFactory StandAloneSingleThreadTokenCountMVC StandAloneSingleThreadTokenCountMapReduce TokenCountingMapper ,A1ClassIsGeneric A1ExpectedCalls A1ExpectedGetters A1ExpectedSetters A1ExpectedSignatures A1ExpectedSupertypes IntSummingMapper ReducerClass StandAloneSingleThreadSumFactoryChange StandAloneSingleThreadSumMVC StandAloneSingleThreadSumMapReduce StandAloneSingleThreadSumResult SumMapperClass TokenCountsMapperClass ,6,1,false,,,,
16,Thu Mar 18 11:28:17 CST 2021,3,0,SingleThreadTokenCount,StandAloneSingleThreadTokenCountResult , ,A1AccessModifiersMatched A1ConfigurationProvided A1InterfaceAsType A1MnemonicNames A1NamedConstants A1NoCheckstyleWarnings A1PublicMethodsOverride DefaultFactoryMapObject DefaultFactoryReduceObject MapperFactory ReducerFactory StandAloneSingleThreadTokenCountMVC StandAloneSingleThreadTokenCountMapReduce TokenCountingMapper ,A1ClassIsGeneric A1ExpectedCalls A1ExpectedGetters A1ExpectedSetters A1ExpectedSignatures A1ExpectedSupertypes IntSummingMapper ReducerClass StandAloneSingleThreadSumFactoryChange StandAloneSingleThreadSumMVC StandAloneSingleThreadSumMapReduce StandAloneSingleThreadSumResult SumMapperClass TokenCountsMapperClass ,7,0,true,StandAloneSingleThreadTokenCountMVC StandAloneSingleThreadTokenCountMapReduce StandAloneSingleThreadTokenCountResult TokenCountingMapper ,A1ConfigurationProvided ,,
17,Thu Mar 18 11:28:18 CST 2021,3,0,StandAloneSingleThreadTokenCountMVC,StandAloneSingleThreadTokenCountResult , ,A1AccessModifiersMatched A1ConfigurationProvided A1InterfaceAsType A1MnemonicNames A1NamedConstants A1NoCheckstyleWarnings A1PublicMethodsOverride DefaultFactoryMapObject DefaultFactoryReduceObject MapperFactory ReducerFactory StandAloneSingleThreadTokenCountMVC StandAloneSingleThreadTokenCountMapReduce TokenCountingMapper ,A1ClassIsGeneric A1ExpectedCalls A1ExpectedGetters A1ExpectedSetters A1ExpectedSignatures A1ExpectedSupertypes IntSummingMapper ReducerClass StandAloneSingleThreadSumFactoryChange StandAloneSingleThreadSumMVC StandAloneSingleThreadSumMapReduce StandAloneSingleThreadSumResult SumMapperClass TokenCountsMapperClass ,7,1,false,,,,
18,Thu Mar 18 11:31:10 CST 2021,3,0,SingleThreadTokenCount,StandAloneSingleThreadTokenCountResult , ,A1AccessModifiersMatched A1ConfigurationProvided A1InterfaceAsType A1MnemonicNames A1NamedConstants A1NoCheckstyleWarnings A1PublicMethodsOverride DefaultFactoryMapObject DefaultFactoryReduceObject MapperFactory ReducerFactory StandAloneSingleThreadTokenCountMVC StandAloneSingleThreadTokenCountMapReduce TokenCountingMapper ,A1ClassIsGeneric A1ExpectedCalls A1ExpectedGetters A1ExpectedSetters A1ExpectedSignatures A1ExpectedSupertypes IntSummingMapper ReducerClass StandAloneSingleThreadSumFactoryChange StandAloneSingleThreadSumMVC StandAloneSingleThreadSumMapReduce StandAloneSingleThreadSumResult SumMapperClass TokenCountsMapperClass ,8,0,true,StandAloneSingleThreadTokenCountMVC StandAloneSingleThreadTokenCountMapReduce StandAloneSingleThreadTokenCountResult TokenCountingMapper ,A1ConfigurationProvided ,,
19,Thu Mar 18 11:31:12 CST 2021,3,0,StandAloneSingleThreadTokenCountMVC,StandAloneSingleThreadTokenCountResult , ,A1AccessModifiersMatched A1ConfigurationProvided A1InterfaceAsType A1MnemonicNames A1NamedConstants A1NoCheckstyleWarnings A1PublicMethodsOverride DefaultFactoryMapObject DefaultFactoryReduceObject MapperFactory ReducerFactory StandAloneSingleThreadTokenCountMVC StandAloneSingleThreadTokenCountMapReduce TokenCountingMapper ,A1ClassIsGeneric A1ExpectedCalls A1ExpectedGetters A1ExpectedSetters A1ExpectedSignatures A1ExpectedSupertypes IntSummingMapper ReducerClass StandAloneSingleThreadSumFactoryChange StandAloneSingleThreadSumMVC StandAloneSingleThreadSumMapReduce StandAloneSingleThreadSumResult SumMapperClass TokenCountsMapperClass ,8,1,false,,,,
20,Thu Mar 18 11:31:30 CST 2021,0,-3,SingleThreadTokenCount, , ,A1AccessModifiersMatched A1ConfigurationProvided A1InterfaceAsType A1MnemonicNames A1NamedConstants A1NoCheckstyleWarnings A1PublicMethodsOverride DefaultFactoryMapObject DefaultFactoryReduceObject MapperFactory ReducerFactory StandAloneSingleThreadTokenCountMVC StandAloneSingleThreadTokenCountMapReduce StandAloneSingleThreadTokenCountResult- TokenCountingMapper ,A1ClassIsGeneric A1ExpectedCalls A1ExpectedGetters A1ExpectedSetters A1ExpectedSignatures A1ExpectedSupertypes IntSummingMapper ReducerClass StandAloneSingleThreadSumFactoryChange StandAloneSingleThreadSumMVC StandAloneSingleThreadSumMapReduce StandAloneSingleThreadSumResult SumMapperClass TokenCountsMapperClass ,9,0,true,StandAloneSingleThreadTokenCountMVC StandAloneSingleThreadTokenCountMapReduce StandAloneSingleThreadTokenCountResult TokenCountingMapper ,A1ConfigurationProvided ,,
21,Thu Mar 18 11:34:32 CST 2021,0,0,SingleThreadTokenCount, , ,A1AccessModifiersMatched A1ConfigurationProvided A1InterfaceAsType A1MnemonicNames A1NamedConstants A1NoCheckstyleWarnings A1PublicMethodsOverride DefaultFactoryMapObject DefaultFactoryReduceObject MapperFactory ReducerFactory StandAloneSingleThreadTokenCountMVC StandAloneSingleThreadTokenCountMapReduce StandAloneSingleThreadTokenCountResult TokenCountingMapper ,A1ClassIsGeneric A1ExpectedCalls A1ExpectedGetters A1ExpectedSetters A1ExpectedSignatures A1ExpectedSupertypes IntSummingMapper ReducerClass StandAloneSingleThreadSumFactoryChange StandAloneSingleThreadSumMVC StandAloneSingleThreadSumMapReduce StandAloneSingleThreadSumResult SumMapperClass TokenCountsMapperClass ,10,0,true,StandAloneSingleThreadTokenCountMVC StandAloneSingleThreadTokenCountMapReduce StandAloneSingleThreadTokenCountResult TokenCountingMapper ,A1ConfigurationProvided ,,
22,Thu Mar 18 11:34:46 CST 2021,0,0,StandAloneSingleThreadTokenCountResult, , ,A1AccessModifiersMatched A1ConfigurationProvided A1InterfaceAsType A1MnemonicNames A1NamedConstants A1NoCheckstyleWarnings A1PublicMethodsOverride DefaultFactoryMapObject DefaultFactoryReduceObject MapperFactory ReducerFactory StandAloneSingleThreadTokenCountMVC StandAloneSingleThreadTokenCountMapReduce StandAloneSingleThreadTokenCountResult TokenCountingMapper ,A1ClassIsGeneric A1ExpectedCalls A1ExpectedGetters A1ExpectedSetters A1ExpectedSignatures A1ExpectedSupertypes IntSummingMapper ReducerClass StandAloneSingleThreadSumFactoryChange StandAloneSingleThreadSumMVC StandAloneSingleThreadSumMapReduce StandAloneSingleThreadSumResult SumMapperClass TokenCountsMapperClass ,10,1,false,,,,
23,Thu Mar 18 11:34:49 CST 2021,0,0,StandAloneSingleThreadTokenCountMVC, , ,A1AccessModifiersMatched A1ConfigurationProvided A1InterfaceAsType A1MnemonicNames A1NamedConstants A1NoCheckstyleWarnings A1PublicMethodsOverride DefaultFactoryMapObject DefaultFactoryReduceObject MapperFactory ReducerFactory StandAloneSingleThreadTokenCountMVC StandAloneSingleThreadTokenCountMapReduce StandAloneSingleThreadTokenCountResult TokenCountingMapper ,A1ClassIsGeneric A1ExpectedCalls A1ExpectedGetters A1ExpectedSetters A1ExpectedSignatures A1ExpectedSupertypes IntSummingMapper ReducerClass StandAloneSingleThreadSumFactoryChange StandAloneSingleThreadSumMVC StandAloneSingleThreadSumMapReduce StandAloneSingleThreadSumResult SumMapperClass TokenCountsMapperClass ,10,2,false,,,,
24,Thu Mar 18 11:37:25 CST 2021,0,0,SingleThreadTokenCount, , ,A1AccessModifiersMatched A1ConfigurationProvided A1InterfaceAsType A1MnemonicNames A1NamedConstants A1NoCheckstyleWarnings A1PublicMethodsOverride DefaultFactoryMapObject DefaultFactoryReduceObject MapperFactory ReducerFactory StandAloneSingleThreadTokenCountMVC StandAloneSingleThreadTokenCountMapReduce StandAloneSingleThreadTokenCountResult TokenCountingMapper ,A1ClassIsGeneric A1ExpectedCalls A1ExpectedGetters A1ExpectedSetters A1ExpectedSignatures A1ExpectedSupertypes IntSummingMapper ReducerClass StandAloneSingleThreadSumFactoryChange StandAloneSingleThreadSumMVC StandAloneSingleThreadSumMapReduce StandAloneSingleThreadSumResult SumMapperClass TokenCountsMapperClass ,11,0,true,StandAloneSingleThreadTokenCountMVC StandAloneSingleThreadTokenCountMapReduce StandAloneSingleThreadTokenCountResult TokenCountingMapper ,A1ConfigurationProvided ,,
25,Thu Mar 18 11:40:21 CST 2021,0,0,SingleThreadTokenCount, , ,A1AccessModifiersMatched A1ConfigurationProvided A1InterfaceAsType A1MnemonicNames A1NamedConstants A1NoCheckstyleWarnings A1PublicMethodsOverride DefaultFactoryMapObject DefaultFactoryReduceObject MapperFactory ReducerFactory StandAloneSingleThreadTokenCountMVC StandAloneSingleThreadTokenCountMapReduce StandAloneSingleThreadTokenCountResult TokenCountingMapper ,A1ClassIsGeneric A1ExpectedCalls A1ExpectedGetters A1ExpectedSetters A1ExpectedSignatures A1ExpectedSupertypes IntSummingMapper ReducerClass StandAloneSingleThreadSumFactoryChange StandAloneSingleThreadSumMVC StandAloneSingleThreadSumMapReduce StandAloneSingleThreadSumResult SumMapperClass TokenCountsMapperClass ,12,0,true,StandAloneSingleThreadTokenCountMVC StandAloneSingleThreadTokenCountMapReduce StandAloneSingleThreadTokenCountResult TokenCountingMapper ,A1ConfigurationProvided ,,
26,Thu Mar 18 11:40:24 CST 2021,0,0,StandAloneSingleThreadTokenCountResult, , ,A1AccessModifiersMatched A1ConfigurationProvided A1InterfaceAsType A1MnemonicNames A1NamedConstants A1NoCheckstyleWarnings A1PublicMethodsOverride DefaultFactoryMapObject DefaultFactoryReduceObject MapperFactory ReducerFactory StandAloneSingleThreadTokenCountMVC StandAloneSingleThreadTokenCountMapReduce StandAloneSingleThreadTokenCountResult TokenCountingMapper ,A1ClassIsGeneric A1ExpectedCalls A1ExpectedGetters A1ExpectedSetters A1ExpectedSignatures A1ExpectedSupertypes IntSummingMapper ReducerClass StandAloneSingleThreadSumFactoryChange StandAloneSingleThreadSumMVC StandAloneSingleThreadSumMapReduce StandAloneSingleThreadSumResult SumMapperClass TokenCountsMapperClass ,12,1,false,,,,
27,Thu Mar 18 11:40:56 CST 2021,0,0,SingleThreadTokenCount, , ,A1AccessModifiersMatched A1ConfigurationProvided A1InterfaceAsType A1MnemonicNames A1NamedConstants A1NoCheckstyleWarnings A1PublicMethodsOverride DefaultFactoryMapObject DefaultFactoryReduceObject MapperFactory ReducerFactory StandAloneSingleThreadTokenCountMVC StandAloneSingleThreadTokenCountMapReduce StandAloneSingleThreadTokenCountResult TokenCountingMapper ,A1ClassIsGeneric A1ExpectedCalls A1ExpectedGetters A1ExpectedSetters A1ExpectedSignatures A1ExpectedSupertypes IntSummingMapper ReducerClass StandAloneSingleThreadSumFactoryChange StandAloneSingleThreadSumMVC StandAloneSingleThreadSumMapReduce StandAloneSingleThreadSumResult SumMapperClass TokenCountsMapperClass ,13,0,true,StandAloneSingleThreadTokenCountMVC StandAloneSingleThreadTokenCountMapReduce StandAloneSingleThreadTokenCountResult TokenCountingMapper ,A1ConfigurationProvided ,,
28,Thu Mar 18 11:48:52 CST 2021,0,0,SingleThreadTokenCount, , ,A1AccessModifiersMatched A1ConfigurationProvided A1InterfaceAsType A1MnemonicNames A1NamedConstants A1NoCheckstyleWarnings A1PublicMethodsOverride DefaultFactoryMapObject DefaultFactoryReduceObject MapperFactory ReducerFactory StandAloneSingleThreadTokenCountMVC StandAloneSingleThreadTokenCountMapReduce StandAloneSingleThreadTokenCountResult TokenCountingMapper ,A1ClassIsGeneric A1ExpectedCalls A1ExpectedGetters A1ExpectedSetters A1ExpectedSignatures A1ExpectedSupertypes IntSummingMapper ReducerClass StandAloneSingleThreadSumFactoryChange StandAloneSingleThreadSumMVC StandAloneSingleThreadSumMapReduce StandAloneSingleThreadSumResult SumMapperClass TokenCountsMapperClass ,14,0,true,StandAloneSingleThreadTokenCountMVC StandAloneSingleThreadTokenCountMapReduce StandAloneSingleThreadTokenCountResult TokenCountingMapper ,A1ConfigurationProvided ,,
29,Thu Mar 18 11:48:55 CST 2021,0,0,StandAloneSingleThreadTokenCountResult, , ,A1AccessModifiersMatched A1ConfigurationProvided A1InterfaceAsType A1MnemonicNames A1NamedConstants A1NoCheckstyleWarnings A1PublicMethodsOverride DefaultFactoryMapObject DefaultFactoryReduceObject MapperFactory ReducerFactory StandAloneSingleThreadTokenCountMVC StandAloneSingleThreadTokenCountMapReduce StandAloneSingleThreadTokenCountResult TokenCountingMapper ,A1ClassIsGeneric A1ExpectedCalls A1ExpectedGetters A1ExpectedSetters A1ExpectedSignatures A1ExpectedSupertypes IntSummingMapper ReducerClass StandAloneSingleThreadSumFactoryChange StandAloneSingleThreadSumMVC StandAloneSingleThreadSumMapReduce StandAloneSingleThreadSumResult SumMapperClass TokenCountsMapperClass ,14,1,false,,,,
30,Thu Mar 18 11:48:58 CST 2021,0,0,StandAloneSingleThreadTokenCountMVC, , ,A1AccessModifiersMatched A1ConfigurationProvided A1InterfaceAsType A1MnemonicNames A1NamedConstants A1NoCheckstyleWarnings A1PublicMethodsOverride DefaultFactoryMapObject DefaultFactoryReduceObject MapperFactory ReducerFactory StandAloneSingleThreadTokenCountMVC StandAloneSingleThreadTokenCountMapReduce StandAloneSingleThreadTokenCountResult TokenCountingMapper ,A1ClassIsGeneric A1ExpectedCalls A1ExpectedGetters A1ExpectedSetters A1ExpectedSignatures A1ExpectedSupertypes IntSummingMapper ReducerClass StandAloneSingleThreadSumFactoryChange StandAloneSingleThreadSumMVC StandAloneSingleThreadSumMapReduce StandAloneSingleThreadSumResult SumMapperClass TokenCountsMapperClass ,14,2,false,,,,
31,Thu Mar 18 11:49:00 CST 2021,0,0,StandAloneSingleThreadTokenCountMapReduce, , ,A1AccessModifiersMatched A1ConfigurationProvided A1InterfaceAsType A1MnemonicNames A1NamedConstants A1NoCheckstyleWarnings A1PublicMethodsOverride DefaultFactoryMapObject DefaultFactoryReduceObject MapperFactory ReducerFactory StandAloneSingleThreadTokenCountMVC StandAloneSingleThreadTokenCountMapReduce StandAloneSingleThreadTokenCountResult TokenCountingMapper ,A1ClassIsGeneric A1ExpectedCalls A1ExpectedGetters A1ExpectedSetters A1ExpectedSignatures A1ExpectedSupertypes IntSummingMapper ReducerClass StandAloneSingleThreadSumFactoryChange StandAloneSingleThreadSumMVC StandAloneSingleThreadSumMapReduce StandAloneSingleThreadSumResult SumMapperClass TokenCountsMapperClass ,14,3,false,,,,
32,Thu Mar 18 12:01:28 CST 2021,0,0,SingleThreadTokenCount, , ,A1AccessModifiersMatched A1ConfigurationProvided A1InterfaceAsType A1MnemonicNames A1NamedConstants A1NoCheckstyleWarnings A1PublicMethodsOverride DefaultFactoryMapObject DefaultFactoryReduceObject MapperFactory ReducerFactory StandAloneSingleThreadTokenCountMVC StandAloneSingleThreadTokenCountMapReduce StandAloneSingleThreadTokenCountResult TokenCountingMapper ,A1ClassIsGeneric A1ExpectedCalls A1ExpectedGetters A1ExpectedSetters A1ExpectedSignatures A1ExpectedSupertypes IntSummingMapper ReducerClass StandAloneSingleThreadSumFactoryChange StandAloneSingleThreadSumMVC StandAloneSingleThreadSumMapReduce StandAloneSingleThreadSumResult SumMapperClass TokenCountsMapperClass ,15,0,true,StandAloneSingleThreadTokenCountMVC StandAloneSingleThreadTokenCountMapReduce StandAloneSingleThreadTokenCountResult TokenCountingMapper ,A1ConfigurationProvided ,,
33,Thu Mar 18 12:01:30 CST 2021,0,0,StandAloneSingleThreadTokenCountResult, , ,A1AccessModifiersMatched A1ConfigurationProvided A1InterfaceAsType A1MnemonicNames A1NamedConstants A1NoCheckstyleWarnings A1PublicMethodsOverride DefaultFactoryMapObject DefaultFactoryReduceObject MapperFactory ReducerFactory StandAloneSingleThreadTokenCountMVC StandAloneSingleThreadTokenCountMapReduce StandAloneSingleThreadTokenCountResult TokenCountingMapper ,A1ClassIsGeneric A1ExpectedCalls A1ExpectedGetters A1ExpectedSetters A1ExpectedSignatures A1ExpectedSupertypes IntSummingMapper ReducerClass StandAloneSingleThreadSumFactoryChange StandAloneSingleThreadSumMVC StandAloneSingleThreadSumMapReduce StandAloneSingleThreadSumResult SumMapperClass TokenCountsMapperClass ,15,1,false,,,,
34,Thu Mar 18 12:06:23 CST 2021,0,0,SingleThreadTokenCount, , ,A1AccessModifiersMatched A1ConfigurationProvided A1InterfaceAsType A1MnemonicNames A1NamedConstants A1NoCheckstyleWarnings A1PublicMethodsOverride DefaultFactoryMapObject DefaultFactoryReduceObject MapperFactory ReducerFactory StandAloneSingleThreadTokenCountMVC StandAloneSingleThreadTokenCountMapReduce StandAloneSingleThreadTokenCountResult TokenCountingMapper ,A1ClassIsGeneric A1ExpectedCalls A1ExpectedGetters A1ExpectedSetters A1ExpectedSignatures A1ExpectedSupertypes IntSummingMapper ReducerClass StandAloneSingleThreadSumFactoryChange StandAloneSingleThreadSumMVC StandAloneSingleThreadSumMapReduce StandAloneSingleThreadSumResult SumMapperClass TokenCountsMapperClass ,16,0,true,StandAloneSingleThreadTokenCountMVC StandAloneSingleThreadTokenCountMapReduce StandAloneSingleThreadTokenCountResult TokenCountingMapper ,A1ConfigurationProvided ,,
35,Thu Mar 18 12:06:25 CST 2021,0,0,StandAloneSingleThreadTokenCountMVC, , ,A1AccessModifiersMatched A1ConfigurationProvided A1InterfaceAsType A1MnemonicNames A1NamedConstants A1NoCheckstyleWarnings A1PublicMethodsOverride DefaultFactoryMapObject DefaultFactoryReduceObject MapperFactory ReducerFactory StandAloneSingleThreadTokenCountMVC StandAloneSingleThreadTokenCountMapReduce StandAloneSingleThreadTokenCountResult TokenCountingMapper ,A1ClassIsGeneric A1ExpectedCalls A1ExpectedGetters A1ExpectedSetters A1ExpectedSignatures A1ExpectedSupertypes IntSummingMapper ReducerClass StandAloneSingleThreadSumFactoryChange StandAloneSingleThreadSumMVC StandAloneSingleThreadSumMapReduce StandAloneSingleThreadSumResult SumMapperClass TokenCountsMapperClass ,16,1,false,,,,
36,Thu Mar 18 21:34:04 CST 2021,0,0,MapReduceFactories, , ,A1AccessModifiersMatched A1ConfigurationProvided A1InterfaceAsType A1MnemonicNames A1NamedConstants A1NoCheckstyleWarnings A1PublicMethodsOverride DefaultFactoryMapObject DefaultFactoryReduceObject MapperFactory ReducerFactory StandAloneSingleThreadTokenCountMVC StandAloneSingleThreadTokenCountMapReduce StandAloneSingleThreadTokenCountResult TokenCountingMapper ,A1ClassIsGeneric A1ExpectedCalls A1ExpectedGetters A1ExpectedSetters A1ExpectedSignatures A1ExpectedSupertypes IntSummingMapper ReducerClass StandAloneSingleThreadSumFactoryChange StandAloneSingleThreadSumMVC StandAloneSingleThreadSumMapReduce StandAloneSingleThreadSumResult SumMapperClass TokenCountsMapperClass ,17,0,true,DefaultFactoryMapObject DefaultFactoryReduceObject MapperFactory ReducerFactory ,A1ConfigurationProvided ,,
37,Thu Mar 18 21:34:11 CST 2021,0,0,MapReduceClasses, ,TokenCountsMapperClass+ ,A1AccessModifiersMatched A1ConfigurationProvided A1InterfaceAsType A1MnemonicNames A1NamedConstants A1NoCheckstyleWarnings A1PublicMethodsOverride DefaultFactoryMapObject DefaultFactoryReduceObject MapperFactory ReducerClass+ ReducerFactory StandAloneSingleThreadTokenCountMVC StandAloneSingleThreadTokenCountMapReduce StandAloneSingleThreadTokenCountResult SumMapperClass+ TokenCountingMapper ,A1ClassIsGeneric A1ExpectedCalls A1ExpectedGetters A1ExpectedSetters A1ExpectedSignatures A1ExpectedSupertypes IntSummingMapper StandAloneSingleThreadSumFactoryChange StandAloneSingleThreadSumMVC StandAloneSingleThreadSumMapReduce StandAloneSingleThreadSumResult ,17,1,true,ReducerClass SumMapperClass TokenCountsMapperClass ,,,
38,Thu Mar 18 21:34:19 CST 2021,0,0,SingleThreadTokenCount, ,TokenCountsMapperClass ,A1AccessModifiersMatched A1ConfigurationProvided A1InterfaceAsType A1MnemonicNames A1NamedConstants A1NoCheckstyleWarnings A1PublicMethodsOverride DefaultFactoryMapObject DefaultFactoryReduceObject MapperFactory ReducerClass ReducerFactory StandAloneSingleThreadTokenCountMVC StandAloneSingleThreadTokenCountMapReduce StandAloneSingleThreadTokenCountResult SumMapperClass TokenCountingMapper ,A1ClassIsGeneric A1ExpectedCalls A1ExpectedGetters A1ExpectedSetters A1ExpectedSignatures A1ExpectedSupertypes IntSummingMapper StandAloneSingleThreadSumFactoryChange StandAloneSingleThreadSumMVC StandAloneSingleThreadSumMapReduce StandAloneSingleThreadSumResult ,17,2,true,StandAloneSingleThreadTokenCountMVC StandAloneSingleThreadTokenCountMapReduce StandAloneSingleThreadTokenCountResult TokenCountingMapper ,,,
39,Thu Mar 18 21:34:23 CST 2021,0,0,A1GeneralStyleSuite, ,TokenCountsMapperClass ,A1AccessModifiersMatched A1ConfigurationProvided A1InterfaceAsType A1MnemonicNames A1NamedConstants A1NoCheckstyleWarnings A1PublicMethodsOverride DefaultFactoryMapObject DefaultFactoryReduceObject MapperFactory ReducerClass ReducerFactory StandAloneSingleThreadTokenCountMVC StandAloneSingleThreadTokenCountMapReduce StandAloneSingleThreadTokenCountResult SumMapperClass TokenCountingMapper ,A1ClassIsGeneric A1ExpectedCalls A1ExpectedGetters A1ExpectedSetters A1ExpectedSignatures A1ExpectedSupertypes IntSummingMapper StandAloneSingleThreadSumFactoryChange StandAloneSingleThreadSumMVC StandAloneSingleThreadSumMapReduce StandAloneSingleThreadSumResult ,17,3,true,A1AccessModifiersMatched A1InterfaceAsType A1MnemonicNames A1NamedConstants A1NoCheckstyleWarnings A1PublicMethodsOverride ,,A1AccessModifiersMatched A1MnemonicNames A1NoCheckstyleWarnings A1PublicMethodsOverride ,
40,Thu Mar 18 21:34:25 CST 2021,0,0,A1SpecificStyleSuite, ,TokenCountsMapperClass ,A1AccessModifiersMatched A1ClassIsGeneric+ A1ConfigurationProvided A1ExpectedCalls+ A1ExpectedGetters+ A1ExpectedSetters+ A1ExpectedSignatures+ A1ExpectedSupertypes+ A1InterfaceAsType A1MnemonicNames A1NamedConstants A1NoCheckstyleWarnings A1PublicMethodsOverride DefaultFactoryMapObject DefaultFactoryReduceObject MapperFactory ReducerClass ReducerFactory StandAloneSingleThreadTokenCountMVC StandAloneSingleThreadTokenCountMapReduce StandAloneSingleThreadTokenCountResult SumMapperClass TokenCountingMapper ,IntSummingMapper StandAloneSingleThreadSumFactoryChange StandAloneSingleThreadSumMVC StandAloneSingleThreadSumMapReduce StandAloneSingleThreadSumResult ,17,4,true,A1ClassIsGeneric A1ExpectedCalls A1ExpectedGetters A1ExpectedSetters A1ExpectedSignatures A1ExpectedSupertypes ,,,
41,Thu Mar 18 21:36:20 CST 2021,0,0,MapReduceClasses, ,TokenCountsMapperClass ,A1AccessModifiersMatched A1ClassIsGeneric A1ConfigurationProvided A1ExpectedCalls A1ExpectedGetters A1ExpectedSetters A1ExpectedSignatures A1ExpectedSupertypes A1InterfaceAsType A1MnemonicNames A1NamedConstants A1NoCheckstyleWarnings A1PublicMethodsOverride DefaultFactoryMapObject DefaultFactoryReduceObject MapperFactory ReducerClass ReducerFactory StandAloneSingleThreadTokenCountMVC StandAloneSingleThreadTokenCountMapReduce StandAloneSingleThreadTokenCountResult SumMapperClass TokenCountingMapper ,IntSummingMapper StandAloneSingleThreadSumFactoryChange StandAloneSingleThreadSumMVC StandAloneSingleThreadSumMapReduce StandAloneSingleThreadSumResult ,18,0,true,ReducerClass SumMapperClass TokenCountsMapperClass ,A1ConfigurationProvided ,,
42,Thu Mar 18 21:36:48 CST 2021,0,0,SingleThreadIntSum, ,TokenCountsMapperClass ,A1AccessModifiersMatched A1ClassIsGeneric A1ConfigurationProvided A1ExpectedCalls A1ExpectedGetters A1ExpectedSetters A1ExpectedSignatures A1ExpectedSupertypes A1InterfaceAsType A1MnemonicNames A1NamedConstants A1NoCheckstyleWarnings A1PublicMethodsOverride DefaultFactoryMapObject DefaultFactoryReduceObject IntSummingMapper+ MapperFactory ReducerClass ReducerFactory StandAloneSingleThreadSumFactoryChange+ StandAloneSingleThreadSumMVC+ StandAloneSingleThreadSumMapReduce+ StandAloneSingleThreadSumResult+ StandAloneSingleThreadTokenCountMVC StandAloneSingleThreadTokenCountMapReduce StandAloneSingleThreadTokenCountResult SumMapperClass TokenCountingMapper , ,18,1,true,IntSummingMapper StandAloneSingleThreadSumFactoryChange StandAloneSingleThreadSumMVC StandAloneSingleThreadSumMapReduce StandAloneSingleThreadSumResult ,,,
43,Thu Mar 18 21:36:49 CST 2021,0,0,MapReduceFactories, ,TokenCountsMapperClass ,A1AccessModifiersMatched A1ClassIsGeneric A1ConfigurationProvided A1ExpectedCalls A1ExpectedGetters A1ExpectedSetters A1ExpectedSignatures A1ExpectedSupertypes A1InterfaceAsType A1MnemonicNames A1NamedConstants A1NoCheckstyleWarnings A1PublicMethodsOverride DefaultFactoryMapObject DefaultFactoryReduceObject IntSummingMapper MapperFactory ReducerClass ReducerFactory StandAloneSingleThreadSumFactoryChange StandAloneSingleThreadSumMVC StandAloneSingleThreadSumMapReduce StandAloneSingleThreadSumResult StandAloneSingleThreadTokenCountMVC StandAloneSingleThreadTokenCountMapReduce StandAloneSingleThreadTokenCountResult SumMapperClass TokenCountingMapper , ,18,2,true,DefaultFactoryMapObject DefaultFactoryReduceObject MapperFactory ReducerFactory ,,,
44,Thu Mar 18 21:36:59 CST 2021,0,0,SingleThreadTokenCount, ,TokenCountsMapperClass ,A1AccessModifiersMatched A1ClassIsGeneric A1ConfigurationProvided A1ExpectedCalls A1ExpectedGetters A1ExpectedSetters A1ExpectedSignatures A1ExpectedSupertypes A1InterfaceAsType A1MnemonicNames A1NamedConstants A1NoCheckstyleWarnings A1PublicMethodsOverride DefaultFactoryMapObject DefaultFactoryReduceObject IntSummingMapper MapperFactory ReducerClass ReducerFactory StandAloneSingleThreadSumFactoryChange StandAloneSingleThreadSumMVC StandAloneSingleThreadSumMapReduce StandAloneSingleThreadSumResult StandAloneSingleThreadTokenCountMVC StandAloneSingleThreadTokenCountMapReduce StandAloneSingleThreadTokenCountResult SumMapperClass TokenCountingMapper , ,18,3,true,StandAloneSingleThreadTokenCountMVC StandAloneSingleThreadTokenCountMapReduce StandAloneSingleThreadTokenCountResult TokenCountingMapper ,,,
45,Thu Mar 18 21:36:59 CST 2021,0,0,TokenCountingMapper, ,TokenCountsMapperClass ,A1AccessModifiersMatched A1ClassIsGeneric A1ConfigurationProvided A1ExpectedCalls A1ExpectedGetters A1ExpectedSetters A1ExpectedSignatures A1ExpectedSupertypes A1InterfaceAsType A1MnemonicNames A1NamedConstants A1NoCheckstyleWarnings A1PublicMethodsOverride DefaultFactoryMapObject DefaultFactoryReduceObject IntSummingMapper MapperFactory ReducerClass ReducerFactory StandAloneSingleThreadSumFactoryChange StandAloneSingleThreadSumMVC StandAloneSingleThreadSumMapReduce StandAloneSingleThreadSumResult StandAloneSingleThreadTokenCountMVC StandAloneSingleThreadTokenCountMapReduce StandAloneSingleThreadTokenCountResult SumMapperClass TokenCountingMapper , ,18,4,false,,,,
46,Thu Mar 18 21:46:00 CST 2021,0,0,MapReduceFactories, ,TokenCountsMapperClass ,A1AccessModifiersMatched A1ClassIsGeneric A1ConfigurationProvided A1ExpectedCalls A1ExpectedGetters A1ExpectedSetters A1ExpectedSignatures A1ExpectedSupertypes A1InterfaceAsType A1MnemonicNames A1NamedConstants A1NoCheckstyleWarnings A1PublicMethodsOverride DefaultFactoryMapObject DefaultFactoryReduceObject IntSummingMapper MapperFactory ReducerClass ReducerFactory StandAloneSingleThreadSumFactoryChange StandAloneSingleThreadSumMVC StandAloneSingleThreadSumMapReduce StandAloneSingleThreadSumResult StandAloneSingleThreadTokenCountMVC StandAloneSingleThreadTokenCountMapReduce StandAloneSingleThreadTokenCountResult SumMapperClass TokenCountingMapper , ,19,0,true,DefaultFactoryMapObject DefaultFactoryReduceObject MapperFactory ReducerFactory ,A1ConfigurationProvided ,,
47,Thu Mar 18 21:46:01 CST 2021,0,0,SingleThreadIntSum, ,TokenCountsMapperClass ,A1AccessModifiersMatched A1ClassIsGeneric A1ConfigurationProvided A1ExpectedCalls A1ExpectedGetters A1ExpectedSetters A1ExpectedSignatures A1ExpectedSupertypes A1InterfaceAsType A1MnemonicNames A1NamedConstants A1NoCheckstyleWarnings A1PublicMethodsOverride DefaultFactoryMapObject DefaultFactoryReduceObject IntSummingMapper MapperFactory ReducerClass ReducerFactory StandAloneSingleThreadSumFactoryChange StandAloneSingleThreadSumMVC StandAloneSingleThreadSumMapReduce StandAloneSingleThreadSumResult StandAloneSingleThreadTokenCountMVC StandAloneSingleThreadTokenCountMapReduce StandAloneSingleThreadTokenCountResult SumMapperClass TokenCountingMapper , ,19,1,true,IntSummingMapper StandAloneSingleThreadSumFactoryChange StandAloneSingleThreadSumMVC StandAloneSingleThreadSumMapReduce StandAloneSingleThreadSumResult ,,,
48,Thu Mar 18 21:46:03 CST 2021,0,0,MapReduceClasses, ,ReducerClass+ TokenCountsMapperClass ,A1AccessModifiersMatched A1ClassIsGeneric A1ConfigurationProvided A1ExpectedCalls A1ExpectedGetters A1ExpectedSetters A1ExpectedSignatures A1ExpectedSupertypes A1InterfaceAsType A1MnemonicNames A1NamedConstants A1NoCheckstyleWarnings A1PublicMethodsOverride DefaultFactoryMapObject DefaultFactoryReduceObject IntSummingMapper MapperFactory ReducerFactory StandAloneSingleThreadSumFactoryChange StandAloneSingleThreadSumMVC StandAloneSingleThreadSumMapReduce StandAloneSingleThreadSumResult StandAloneSingleThreadTokenCountMVC StandAloneSingleThreadTokenCountMapReduce StandAloneSingleThreadTokenCountResult SumMapperClass TokenCountingMapper , ,19,2,true,ReducerClass SumMapperClass TokenCountsMapperClass ,,,
49,Thu Mar 18 21:47:04 CST 2021,6,6,MapReduceClasses,ReducerClass+ TokenCountsMapperClass+ , ,A1AccessModifiersMatched A1ClassIsGeneric A1ConfigurationProvided A1ExpectedCalls A1ExpectedGetters A1ExpectedSetters A1ExpectedSignatures A1ExpectedSupertypes A1InterfaceAsType A1MnemonicNames A1NamedConstants A1NoCheckstyleWarnings A1PublicMethodsOverride DefaultFactoryMapObject DefaultFactoryReduceObject IntSummingMapper MapperFactory ReducerFactory StandAloneSingleThreadSumFactoryChange StandAloneSingleThreadSumMVC StandAloneSingleThreadSumMapReduce StandAloneSingleThreadSumResult StandAloneSingleThreadTokenCountMVC StandAloneSingleThreadTokenCountMapReduce StandAloneSingleThreadTokenCountResult SumMapperClass TokenCountingMapper , ,20,0,true,ReducerClass SumMapperClass TokenCountsMapperClass ,A1ConfigurationProvided ,,
50,Thu Mar 18 21:47:16 CST 2021,6,0,SingleThreadTokenCount,ReducerClass TokenCountsMapperClass , ,A1AccessModifiersMatched A1ClassIsGeneric A1ConfigurationProvided A1ExpectedCalls A1ExpectedGetters A1ExpectedSetters A1ExpectedSignatures A1ExpectedSupertypes A1InterfaceAsType A1MnemonicNames A1NamedConstants A1NoCheckstyleWarnings A1PublicMethodsOverride DefaultFactoryMapObject DefaultFactoryReduceObject IntSummingMapper MapperFactory ReducerFactory StandAloneSingleThreadSumFactoryChange StandAloneSingleThreadSumMVC StandAloneSingleThreadSumMapReduce StandAloneSingleThreadSumResult StandAloneSingleThreadTokenCountMVC StandAloneSingleThreadTokenCountMapReduce StandAloneSingleThreadTokenCountResult SumMapperClass TokenCountingMapper , ,20,1,true,StandAloneSingleThreadTokenCountMVC StandAloneSingleThreadTokenCountMapReduce StandAloneSingleThreadTokenCountResult TokenCountingMapper ,,,
51,Thu Mar 18 21:47:39 CST 2021,6,0,TokenCountingMapper,ReducerClass TokenCountsMapperClass , ,A1AccessModifiersMatched A1ClassIsGeneric A1ConfigurationProvided A1ExpectedCalls A1ExpectedGetters A1ExpectedSetters A1ExpectedSignatures A1ExpectedSupertypes A1InterfaceAsType A1MnemonicNames A1NamedConstants A1NoCheckstyleWarnings A1PublicMethodsOverride DefaultFactoryMapObject DefaultFactoryReduceObject IntSummingMapper MapperFactory ReducerFactory StandAloneSingleThreadSumFactoryChange StandAloneSingleThreadSumMVC StandAloneSingleThreadSumMapReduce StandAloneSingleThreadSumResult StandAloneSingleThreadTokenCountMVC StandAloneSingleThreadTokenCountMapReduce StandAloneSingleThreadTokenCountResult SumMapperClass TokenCountingMapper , ,20,2,false,,,,
52,Thu Mar 18 21:47:55 CST 2021,6,0,A1GeneralStyleSuite,ReducerClass TokenCountsMapperClass , ,A1AccessModifiersMatched A1ClassIsGeneric A1ConfigurationProvided A1ExpectedCalls A1ExpectedGetters A1ExpectedSetters A1ExpectedSignatures A1ExpectedSupertypes A1InterfaceAsType A1MnemonicNames A1NamedConstants A1NoCheckstyleWarnings A1PublicMethodsOverride DefaultFactoryMapObject DefaultFactoryReduceObject IntSummingMapper MapperFactory ReducerFactory StandAloneSingleThreadSumFactoryChange StandAloneSingleThreadSumMVC StandAloneSingleThreadSumMapReduce StandAloneSingleThreadSumResult StandAloneSingleThreadTokenCountMVC StandAloneSingleThreadTokenCountMapReduce StandAloneSingleThreadTokenCountResult SumMapperClass TokenCountingMapper , ,20,3,true,A1AccessModifiersMatched A1InterfaceAsType A1MnemonicNames A1NamedConstants A1NoCheckstyleWarnings A1PublicMethodsOverride ,,A1AccessModifiersMatched A1MnemonicNames A1NoCheckstyleWarnings A1PublicMethodsOverride ,
53,Thu Mar 18 21:47:57 CST 2021,6,0,A1SpecificStyleSuite,ReducerClass TokenCountsMapperClass , ,A1AccessModifiersMatched A1ClassIsGeneric A1ConfigurationProvided A1ExpectedCalls A1ExpectedGetters A1ExpectedSetters A1ExpectedSignatures A1ExpectedSupertypes A1InterfaceAsType A1MnemonicNames A1NamedConstants A1NoCheckstyleWarnings A1PublicMethodsOverride DefaultFactoryMapObject DefaultFactoryReduceObject IntSummingMapper MapperFactory ReducerFactory StandAloneSingleThreadSumFactoryChange StandAloneSingleThreadSumMVC StandAloneSingleThreadSumMapReduce StandAloneSingleThreadSumResult StandAloneSingleThreadTokenCountMVC StandAloneSingleThreadTokenCountMapReduce StandAloneSingleThreadTokenCountResult SumMapperClass TokenCountingMapper , ,20,4,true,A1ClassIsGeneric A1ExpectedCalls A1ExpectedGetters A1ExpectedSetters A1ExpectedSignatures A1ExpectedSupertypes ,,,
54,Thu Mar 18 21:48:01 CST 2021,6,0,IntSummingMapper,ReducerClass TokenCountsMapperClass , ,A1AccessModifiersMatched A1ClassIsGeneric A1ConfigurationProvided A1ExpectedCalls A1ExpectedGetters A1ExpectedSetters A1ExpectedSignatures A1ExpectedSupertypes A1InterfaceAsType A1MnemonicNames A1NamedConstants A1NoCheckstyleWarnings A1PublicMethodsOverride DefaultFactoryMapObject DefaultFactoryReduceObject IntSummingMapper MapperFactory ReducerFactory StandAloneSingleThreadSumFactoryChange StandAloneSingleThreadSumMVC StandAloneSingleThreadSumMapReduce StandAloneSingleThreadSumResult StandAloneSingleThreadTokenCountMVC StandAloneSingleThreadTokenCountMapReduce StandAloneSingleThreadTokenCountResult SumMapperClass TokenCountingMapper , ,20,5,false,,,,
55,Thu Mar 18 21:48:02 CST 2021,6,0,StandAloneSingleThreadSumResult,ReducerClass TokenCountsMapperClass , ,A1AccessModifiersMatched A1ClassIsGeneric A1ConfigurationProvided A1ExpectedCalls A1ExpectedGetters A1ExpectedSetters A1ExpectedSignatures A1ExpectedSupertypes A1InterfaceAsType A1MnemonicNames A1NamedConstants A1NoCheckstyleWarnings A1PublicMethodsOverride DefaultFactoryMapObject DefaultFactoryReduceObject IntSummingMapper MapperFactory ReducerFactory StandAloneSingleThreadSumFactoryChange StandAloneSingleThreadSumMVC StandAloneSingleThreadSumMapReduce StandAloneSingleThreadSumResult StandAloneSingleThreadTokenCountMVC StandAloneSingleThreadTokenCountMapReduce StandAloneSingleThreadTokenCountResult SumMapperClass TokenCountingMapper , ,20,6,false,,,,
56,Thu Mar 18 21:48:04 CST 2021,6,0,StandAloneSingleThreadSumMVC,ReducerClass TokenCountsMapperClass , ,A1AccessModifiersMatched A1ClassIsGeneric A1ConfigurationProvided A1ExpectedCalls A1ExpectedGetters A1ExpectedSetters A1ExpectedSignatures A1ExpectedSupertypes A1InterfaceAsType A1MnemonicNames A1NamedConstants A1NoCheckstyleWarnings A1PublicMethodsOverride DefaultFactoryMapObject DefaultFactoryReduceObject IntSummingMapper MapperFactory ReducerFactory StandAloneSingleThreadSumFactoryChange StandAloneSingleThreadSumMVC StandAloneSingleThreadSumMapReduce StandAloneSingleThreadSumResult StandAloneSingleThreadTokenCountMVC StandAloneSingleThreadTokenCountMapReduce StandAloneSingleThreadTokenCountResult SumMapperClass TokenCountingMapper , ,20,7,false,,,,
57,Thu Mar 18 21:48:05 CST 2021,6,0,StandAloneSingleThreadSumMapReduce,ReducerClass TokenCountsMapperClass , ,A1AccessModifiersMatched A1ClassIsGeneric A1ConfigurationProvided A1ExpectedCalls A1ExpectedGetters A1ExpectedSetters A1ExpectedSignatures A1ExpectedSupertypes A1InterfaceAsType A1MnemonicNames A1NamedConstants A1NoCheckstyleWarnings A1PublicMethodsOverride DefaultFactoryMapObject DefaultFactoryReduceObject IntSummingMapper MapperFactory ReducerFactory StandAloneSingleThreadSumFactoryChange StandAloneSingleThreadSumMVC StandAloneSingleThreadSumMapReduce StandAloneSingleThreadSumResult StandAloneSingleThreadTokenCountMVC StandAloneSingleThreadTokenCountMapReduce StandAloneSingleThreadTokenCountResult SumMapperClass TokenCountingMapper , ,20,8,false,,,,
58,Thu Mar 18 21:55:01 CST 2021,6,0,SingleThreadTokenCount,ReducerClass TokenCountsMapperClass , ,A1AccessModifiersMatched A1ClassIsGeneric A1ConfigurationProvided A1ExpectedCalls A1ExpectedGetters A1ExpectedSetters A1ExpectedSignatures A1ExpectedSupertypes A1InterfaceAsType A1MnemonicNames A1NamedConstants A1NoCheckstyleWarnings A1PublicMethodsOverride DefaultFactoryMapObject DefaultFactoryReduceObject IntSummingMapper MapperFactory ReducerFactory StandAloneSingleThreadSumFactoryChange StandAloneSingleThreadSumMVC StandAloneSingleThreadSumMapReduce StandAloneSingleThreadSumResult StandAloneSingleThreadTokenCountMVC StandAloneSingleThreadTokenCountMapReduce StandAloneSingleThreadTokenCountResult SumMapperClass TokenCountingMapper , ,21,0,true,StandAloneSingleThreadTokenCountMVC StandAloneSingleThreadTokenCountMapReduce StandAloneSingleThreadTokenCountResult TokenCountingMapper ,A1ConfigurationProvided ,,
59,Thu Mar 18 21:55:04 CST 2021,6,0,TokenCountingMapper,ReducerClass TokenCountsMapperClass , ,A1AccessModifiersMatched A1ClassIsGeneric A1ConfigurationProvided A1ExpectedCalls A1ExpectedGetters A1ExpectedSetters A1ExpectedSignatures A1ExpectedSupertypes A1InterfaceAsType A1MnemonicNames A1NamedConstants A1NoCheckstyleWarnings A1PublicMethodsOverride DefaultFactoryMapObject DefaultFactoryReduceObject IntSummingMapper MapperFactory ReducerFactory StandAloneSingleThreadSumFactoryChange StandAloneSingleThreadSumMVC StandAloneSingleThreadSumMapReduce StandAloneSingleThreadSumResult StandAloneSingleThreadTokenCountMVC StandAloneSingleThreadTokenCountMapReduce StandAloneSingleThreadTokenCountResult SumMapperClass TokenCountingMapper , ,21,1,false,,,,
60,Thu Mar 18 21:55:05 CST 2021,6,0,StandAloneSingleThreadTokenCountResult,ReducerClass TokenCountsMapperClass , ,A1AccessModifiersMatched A1ClassIsGeneric A1ConfigurationProvided A1ExpectedCalls A1ExpectedGetters A1ExpectedSetters A1ExpectedSignatures A1ExpectedSupertypes A1InterfaceAsType A1MnemonicNames A1NamedConstants A1NoCheckstyleWarnings A1PublicMethodsOverride DefaultFactoryMapObject DefaultFactoryReduceObject IntSummingMapper MapperFactory ReducerFactory StandAloneSingleThreadSumFactoryChange StandAloneSingleThreadSumMVC StandAloneSingleThreadSumMapReduce StandAloneSingleThreadSumResult StandAloneSingleThreadTokenCountMVC StandAloneSingleThreadTokenCountMapReduce StandAloneSingleThreadTokenCountResult SumMapperClass TokenCountingMapper , ,21,2,false,,,,
61,Thu Mar 18 21:55:08 CST 2021,6,0,StandAloneSingleThreadTokenCountMVC,ReducerClass TokenCountsMapperClass , ,A1AccessModifiersMatched A1ClassIsGeneric A1ConfigurationProvided A1ExpectedCalls A1ExpectedGetters A1ExpectedSetters A1ExpectedSignatures A1ExpectedSupertypes A1InterfaceAsType A1MnemonicNames A1NamedConstants A1NoCheckstyleWarnings A1PublicMethodsOverride DefaultFactoryMapObject DefaultFactoryReduceObject IntSummingMapper MapperFactory ReducerFactory StandAloneSingleThreadSumFactoryChange StandAloneSingleThreadSumMVC StandAloneSingleThreadSumMapReduce StandAloneSingleThreadSumResult StandAloneSingleThreadTokenCountMVC StandAloneSingleThreadTokenCountMapReduce StandAloneSingleThreadTokenCountResult SumMapperClass TokenCountingMapper , ,21,3,false,,,,
62,Thu Mar 18 21:55:25 CST 2021,6,0,StandAloneSingleThreadTokenCountMapReduce,ReducerClass TokenCountsMapperClass , ,A1AccessModifiersMatched A1ClassIsGeneric A1ConfigurationProvided A1ExpectedCalls A1ExpectedGetters A1ExpectedSetters A1ExpectedSignatures A1ExpectedSupertypes A1InterfaceAsType A1MnemonicNames A1NamedConstants A1NoCheckstyleWarnings A1PublicMethodsOverride DefaultFactoryMapObject DefaultFactoryReduceObject IntSummingMapper MapperFactory ReducerFactory StandAloneSingleThreadSumFactoryChange StandAloneSingleThreadSumMVC StandAloneSingleThreadSumMapReduce StandAloneSingleThreadSumResult StandAloneSingleThreadTokenCountMVC StandAloneSingleThreadTokenCountMapReduce StandAloneSingleThreadTokenCountResult SumMapperClass TokenCountingMapper , ,21,4,false,,,,
63,Thu Mar 18 21:59:17 CST 2021,6,0,MapReduceClasses,ReducerClass TokenCountsMapperClass , ,A1AccessModifiersMatched A1ClassIsGeneric A1ConfigurationProvided A1ExpectedCalls A1ExpectedGetters A1ExpectedSetters A1ExpectedSignatures A1ExpectedSupertypes A1InterfaceAsType A1MnemonicNames A1NamedConstants A1NoCheckstyleWarnings A1PublicMethodsOverride DefaultFactoryMapObject DefaultFactoryReduceObject IntSummingMapper MapperFactory ReducerFactory StandAloneSingleThreadSumFactoryChange StandAloneSingleThreadSumMVC StandAloneSingleThreadSumMapReduce StandAloneSingleThreadSumResult StandAloneSingleThreadTokenCountMVC StandAloneSingleThreadTokenCountMapReduce StandAloneSingleThreadTokenCountResult SumMapperClass TokenCountingMapper , ,22,0,true,ReducerClass SumMapperClass TokenCountsMapperClass ,A1ConfigurationProvided ,,
64,Thu Mar 18 21:59:21 CST 2021,6,0,SingleThreadTokenCount,ReducerClass TokenCountsMapperClass , ,A1AccessModifiersMatched A1ClassIsGeneric A1ConfigurationProvided A1ExpectedCalls A1ExpectedGetters A1ExpectedSetters A1ExpectedSignatures A1ExpectedSupertypes A1InterfaceAsType A1MnemonicNames A1NamedConstants A1NoCheckstyleWarnings A1PublicMethodsOverride DefaultFactoryMapObject DefaultFactoryReduceObject IntSummingMapper MapperFactory ReducerFactory StandAloneSingleThreadSumFactoryChange StandAloneSingleThreadSumMVC StandAloneSingleThreadSumMapReduce StandAloneSingleThreadSumResult StandAloneSingleThreadTokenCountMVC StandAloneSingleThreadTokenCountMapReduce StandAloneSingleThreadTokenCountResult SumMapperClass TokenCountingMapper , ,22,1,true,StandAloneSingleThreadTokenCountMVC StandAloneSingleThreadTokenCountMapReduce StandAloneSingleThreadTokenCountResult TokenCountingMapper ,,,
65,Thu Mar 18 22:05:06 CST 2021,6,0,SingleThreadIntSum,ReducerClass TokenCountsMapperClass , ,A1AccessModifiersMatched A1ClassIsGeneric A1ConfigurationProvided A1ExpectedCalls A1ExpectedGetters A1ExpectedSetters A1ExpectedSignatures A1ExpectedSupertypes A1InterfaceAsType A1MnemonicNames A1NamedConstants A1NoCheckstyleWarnings A1PublicMethodsOverride DefaultFactoryMapObject DefaultFactoryReduceObject IntSummingMapper MapperFactory ReducerFactory StandAloneSingleThreadSumFactoryChange StandAloneSingleThreadSumMVC StandAloneSingleThreadSumMapReduce StandAloneSingleThreadSumResult StandAloneSingleThreadTokenCountMVC StandAloneSingleThreadTokenCountMapReduce StandAloneSingleThreadTokenCountResult SumMapperClass TokenCountingMapper , ,23,0,true,IntSummingMapper StandAloneSingleThreadSumFactoryChange StandAloneSingleThreadSumMVC StandAloneSingleThreadSumMapReduce StandAloneSingleThreadSumResult ,A1ConfigurationProvided ,,
66,Thu Mar 18 22:05:08 CST 2021,6,0,MapReduceFactories,ReducerClass TokenCountsMapperClass , ,A1AccessModifiersMatched A1ClassIsGeneric A1ConfigurationProvided A1ExpectedCalls A1ExpectedGetters A1ExpectedSetters A1ExpectedSignatures A1ExpectedSupertypes A1InterfaceAsType A1MnemonicNames A1NamedConstants A1NoCheckstyleWarnings A1PublicMethodsOverride DefaultFactoryMapObject DefaultFactoryReduceObject IntSummingMapper MapperFactory ReducerFactory StandAloneSingleThreadSumFactoryChange StandAloneSingleThreadSumMVC StandAloneSingleThreadSumMapReduce StandAloneSingleThreadSumResult StandAloneSingleThreadTokenCountMVC StandAloneSingleThreadTokenCountMapReduce StandAloneSingleThreadTokenCountResult SumMapperClass TokenCountingMapper , ,23,1,true,DefaultFactoryMapObject DefaultFactoryReduceObject MapperFactory ReducerFactory ,,,
67,Thu Mar 18 22:06:58 CST 2021,6,0,MapReduceClasses,ReducerClass TokenCountsMapperClass , ,A1AccessModifiersMatched A1ClassIsGeneric A1ConfigurationProvided A1ExpectedCalls A1ExpectedGetters A1ExpectedSetters A1ExpectedSignatures A1ExpectedSupertypes A1InterfaceAsType A1MnemonicNames A1NamedConstants A1NoCheckstyleWarnings A1PublicMethodsOverride DefaultFactoryMapObject DefaultFactoryReduceObject IntSummingMapper MapperFactory ReducerFactory StandAloneSingleThreadSumFactoryChange StandAloneSingleThreadSumMVC StandAloneSingleThreadSumMapReduce StandAloneSingleThreadSumResult StandAloneSingleThreadTokenCountMVC StandAloneSingleThreadTokenCountMapReduce StandAloneSingleThreadTokenCountResult SumMapperClass TokenCountingMapper , ,24,0,true,ReducerClass SumMapperClass TokenCountsMapperClass ,A1ConfigurationProvided ,,
68,Thu Mar 18 22:07:09 CST 2021,17,11,SingleThreadTokenCount,ReducerClass StandAloneSingleThreadTokenCountMapReduce+ StandAloneSingleThreadTokenCountResult+ TokenCountingMapper+ TokenCountsMapperClass , ,A1AccessModifiersMatched A1ClassIsGeneric A1ConfigurationProvided A1ExpectedCalls A1ExpectedGetters A1ExpectedSetters A1ExpectedSignatures A1ExpectedSupertypes A1InterfaceAsType A1MnemonicNames A1NamedConstants A1NoCheckstyleWarnings A1PublicMethodsOverride DefaultFactoryMapObject DefaultFactoryReduceObject IntSummingMapper MapperFactory ReducerFactory StandAloneSingleThreadSumFactoryChange StandAloneSingleThreadSumMVC StandAloneSingleThreadSumMapReduce StandAloneSingleThreadSumResult StandAloneSingleThreadTokenCountMVC SumMapperClass , ,24,1,true,StandAloneSingleThreadTokenCountMVC StandAloneSingleThreadTokenCountMapReduce StandAloneSingleThreadTokenCountResult TokenCountingMapper ,,,
69,Thu Mar 18 22:07:46 CST 2021,17,0,A1GeneralStyleSuite,ReducerClass StandAloneSingleThreadTokenCountMapReduce StandAloneSingleThreadTokenCountResult TokenCountingMapper TokenCountsMapperClass , ,A1AccessModifiersMatched A1ClassIsGeneric A1ConfigurationProvided A1ExpectedCalls A1ExpectedGetters A1ExpectedSetters A1ExpectedSignatures A1ExpectedSupertypes A1InterfaceAsType A1MnemonicNames A1NamedConstants A1NoCheckstyleWarnings A1PublicMethodsOverride DefaultFactoryMapObject DefaultFactoryReduceObject IntSummingMapper MapperFactory ReducerFactory StandAloneSingleThreadSumFactoryChange StandAloneSingleThreadSumMVC StandAloneSingleThreadSumMapReduce StandAloneSingleThreadSumResult StandAloneSingleThreadTokenCountMVC SumMapperClass , ,24,2,true,A1AccessModifiersMatched A1InterfaceAsType A1MnemonicNames A1NamedConstants A1NoCheckstyleWarnings A1PublicMethodsOverride ,,A1AccessModifiersMatched A1MnemonicNames A1NoCheckstyleWarnings A1PublicMethodsOverride ,
70,Thu Mar 18 22:07:47 CST 2021,17,0,A1SpecificStyleSuite,ReducerClass StandAloneSingleThreadTokenCountMapReduce StandAloneSingleThreadTokenCountResult TokenCountingMapper TokenCountsMapperClass , ,A1AccessModifiersMatched A1ClassIsGeneric A1ConfigurationProvided A1ExpectedCalls A1ExpectedGetters A1ExpectedSetters A1ExpectedSignatures A1ExpectedSupertypes A1InterfaceAsType A1MnemonicNames A1NamedConstants A1NoCheckstyleWarnings A1PublicMethodsOverride DefaultFactoryMapObject DefaultFactoryReduceObject IntSummingMapper MapperFactory ReducerFactory StandAloneSingleThreadSumFactoryChange StandAloneSingleThreadSumMVC StandAloneSingleThreadSumMapReduce StandAloneSingleThreadSumResult StandAloneSingleThreadTokenCountMVC SumMapperClass , ,24,3,true,A1ClassIsGeneric A1ExpectedCalls A1ExpectedGetters A1ExpectedSetters A1ExpectedSignatures A1ExpectedSupertypes ,,,
71,Thu Mar 18 22:09:23 CST 2021,17,0,SingleThreadTokenCount,ReducerClass StandAloneSingleThreadTokenCountMapReduce StandAloneSingleThreadTokenCountResult TokenCountingMapper TokenCountsMapperClass , ,A1AccessModifiersMatched A1ClassIsGeneric A1ConfigurationProvided A1ExpectedCalls A1ExpectedGetters A1ExpectedSetters A1ExpectedSignatures A1ExpectedSupertypes A1InterfaceAsType A1MnemonicNames A1NamedConstants A1NoCheckstyleWarnings A1PublicMethodsOverride DefaultFactoryMapObject DefaultFactoryReduceObject IntSummingMapper MapperFactory ReducerFactory StandAloneSingleThreadSumFactoryChange StandAloneSingleThreadSumMVC StandAloneSingleThreadSumMapReduce StandAloneSingleThreadSumResult StandAloneSingleThreadTokenCountMVC SumMapperClass , ,25,0,true,StandAloneSingleThreadTokenCountMVC StandAloneSingleThreadTokenCountMapReduce StandAloneSingleThreadTokenCountResult TokenCountingMapper ,A1ConfigurationProvided ,,
72,Thu Mar 18 22:10:06 CST 2021,17,0,SingleThreadTokenCount,ReducerClass StandAloneSingleThreadTokenCountMapReduce StandAloneSingleThreadTokenCountResult TokenCountingMapper TokenCountsMapperClass , ,A1AccessModifiersMatched A1ClassIsGeneric A1ConfigurationProvided A1ExpectedCalls A1ExpectedGetters A1ExpectedSetters A1ExpectedSignatures A1ExpectedSupertypes A1InterfaceAsType A1MnemonicNames A1NamedConstants A1NoCheckstyleWarnings A1PublicMethodsOverride DefaultFactoryMapObject DefaultFactoryReduceObject IntSummingMapper MapperFactory ReducerFactory StandAloneSingleThreadSumFactoryChange StandAloneSingleThreadSumMVC StandAloneSingleThreadSumMapReduce StandAloneSingleThreadSumResult StandAloneSingleThreadTokenCountMVC SumMapperClass , ,26,0,true,StandAloneSingleThreadTokenCountMVC StandAloneSingleThreadTokenCountMapReduce StandAloneSingleThreadTokenCountResult TokenCountingMapper ,A1ConfigurationProvided ,,
73,Thu Mar 18 22:10:44 CST 2021,20,3,SingleThreadTokenCount,ReducerClass StandAloneSingleThreadTokenCountMVC+ StandAloneSingleThreadTokenCountMapReduce StandAloneSingleThreadTokenCountResult TokenCountingMapper TokenCountsMapperClass , ,A1AccessModifiersMatched A1ClassIsGeneric A1ConfigurationProvided A1ExpectedCalls A1ExpectedGetters A1ExpectedSetters A1ExpectedSignatures A1ExpectedSupertypes A1InterfaceAsType A1MnemonicNames A1NamedConstants A1NoCheckstyleWarnings A1PublicMethodsOverride DefaultFactoryMapObject DefaultFactoryReduceObject IntSummingMapper MapperFactory ReducerFactory StandAloneSingleThreadSumFactoryChange StandAloneSingleThreadSumMVC StandAloneSingleThreadSumMapReduce StandAloneSingleThreadSumResult SumMapperClass , ,27,0,true,StandAloneSingleThreadTokenCountMVC StandAloneSingleThreadTokenCountMapReduce StandAloneSingleThreadTokenCountResult TokenCountingMapper ,A1ConfigurationProvided ,,
74,Thu Mar 18 22:10:51 CST 2021,20,0,MapReduceClasses,ReducerClass StandAloneSingleThreadTokenCountMVC StandAloneSingleThreadTokenCountMapReduce StandAloneSingleThreadTokenCountResult TokenCountingMapper TokenCountsMapperClass , ,A1AccessModifiersMatched A1ClassIsGeneric A1ConfigurationProvided A1ExpectedCalls A1ExpectedGetters A1ExpectedSetters A1ExpectedSignatures A1ExpectedSupertypes A1InterfaceAsType A1MnemonicNames A1NamedConstants A1NoCheckstyleWarnings A1PublicMethodsOverride DefaultFactoryMapObject DefaultFactoryReduceObject IntSummingMapper MapperFactory ReducerFactory StandAloneSingleThreadSumFactoryChange StandAloneSingleThreadSumMVC StandAloneSingleThreadSumMapReduce StandAloneSingleThreadSumResult SumMapperClass , ,27,1,true,ReducerClass SumMapperClass TokenCountsMapperClass ,,,
75,Thu Mar 18 22:10:57 CST 2021,20,0,SingleThreadTokenCount,ReducerClass StandAloneSingleThreadTokenCountMVC StandAloneSingleThreadTokenCountMapReduce StandAloneSingleThreadTokenCountResult TokenCountingMapper TokenCountsMapperClass , ,A1AccessModifiersMatched A1ClassIsGeneric A1ConfigurationProvided A1ExpectedCalls A1ExpectedGetters A1ExpectedSetters A1ExpectedSignatures A1ExpectedSupertypes A1InterfaceAsType A1MnemonicNames A1NamedConstants A1NoCheckstyleWarnings A1PublicMethodsOverride DefaultFactoryMapObject DefaultFactoryReduceObject IntSummingMapper MapperFactory ReducerFactory StandAloneSingleThreadSumFactoryChange StandAloneSingleThreadSumMVC StandAloneSingleThreadSumMapReduce StandAloneSingleThreadSumResult SumMapperClass , ,27,2,true,StandAloneSingleThreadTokenCountMVC StandAloneSingleThreadTokenCountMapReduce StandAloneSingleThreadTokenCountResult TokenCountingMapper ,,,
76,Thu Mar 18 22:11:01 CST 2021,20,0,SingleThreadIntSum,ReducerClass StandAloneSingleThreadTokenCountMVC StandAloneSingleThreadTokenCountMapReduce StandAloneSingleThreadTokenCountResult TokenCountingMapper TokenCountsMapperClass , ,A1AccessModifiersMatched A1ClassIsGeneric A1ConfigurationProvided A1ExpectedCalls A1ExpectedGetters A1ExpectedSetters A1ExpectedSignatures A1ExpectedSupertypes A1InterfaceAsType A1MnemonicNames A1NamedConstants A1NoCheckstyleWarnings A1PublicMethodsOverride DefaultFactoryMapObject DefaultFactoryReduceObject IntSummingMapper MapperFactory ReducerFactory StandAloneSingleThreadSumFactoryChange StandAloneSingleThreadSumMVC StandAloneSingleThreadSumMapReduce StandAloneSingleThreadSumResult SumMapperClass , ,27,3,true,IntSummingMapper StandAloneSingleThreadSumFactoryChange StandAloneSingleThreadSumMVC StandAloneSingleThreadSumMapReduce StandAloneSingleThreadSumResult ,,,
77,Thu Mar 18 22:11:03 CST 2021,20,0,MapReduceFactories,ReducerClass StandAloneSingleThreadTokenCountMVC StandAloneSingleThreadTokenCountMapReduce StandAloneSingleThreadTokenCountResult TokenCountingMapper TokenCountsMapperClass , ,A1AccessModifiersMatched A1ClassIsGeneric A1ConfigurationProvided A1ExpectedCalls A1ExpectedGetters A1ExpectedSetters A1ExpectedSignatures A1ExpectedSupertypes A1InterfaceAsType A1MnemonicNames A1NamedConstants A1NoCheckstyleWarnings A1PublicMethodsOverride DefaultFactoryMapObject DefaultFactoryReduceObject IntSummingMapper MapperFactory ReducerFactory StandAloneSingleThreadSumFactoryChange StandAloneSingleThreadSumMVC StandAloneSingleThreadSumMapReduce StandAloneSingleThreadSumResult SumMapperClass , ,27,4,true,DefaultFactoryMapObject DefaultFactoryReduceObject MapperFactory ReducerFactory ,,,
78,Thu Mar 18 22:12:09 CST 2021,34,14,MapReduceFactories,DefaultFactoryMapObject+ DefaultFactoryReduceObject+ MapperFactory+ ReducerClass ReducerFactory+ StandAloneSingleThreadTokenCountMVC StandAloneSingleThreadTokenCountMapReduce StandAloneSingleThreadTokenCountResult TokenCountingMapper TokenCountsMapperClass , ,A1AccessModifiersMatched A1ClassIsGeneric A1ConfigurationProvided A1ExpectedCalls A1ExpectedGetters A1ExpectedSetters A1ExpectedSignatures A1ExpectedSupertypes A1InterfaceAsType A1MnemonicNames A1NamedConstants A1NoCheckstyleWarnings A1PublicMethodsOverride IntSummingMapper StandAloneSingleThreadSumFactoryChange StandAloneSingleThreadSumMVC StandAloneSingleThreadSumMapReduce StandAloneSingleThreadSumResult SumMapperClass , ,28,0,true,DefaultFactoryMapObject DefaultFactoryReduceObject MapperFactory ReducerFactory ,A1ConfigurationProvided ,,
79,Thu Mar 18 22:12:14 CST 2021,34,0,MapReduceClasses,DefaultFactoryMapObject DefaultFactoryReduceObject MapperFactory ReducerClass ReducerFactory StandAloneSingleThreadTokenCountMVC StandAloneSingleThreadTokenCountMapReduce StandAloneSingleThreadTokenCountResult TokenCountingMapper TokenCountsMapperClass , ,A1AccessModifiersMatched A1ClassIsGeneric A1ConfigurationProvided A1ExpectedCalls A1ExpectedGetters A1ExpectedSetters A1ExpectedSignatures A1ExpectedSupertypes A1InterfaceAsType A1MnemonicNames A1NamedConstants A1NoCheckstyleWarnings A1PublicMethodsOverride IntSummingMapper StandAloneSingleThreadSumFactoryChange StandAloneSingleThreadSumMVC StandAloneSingleThreadSumMapReduce StandAloneSingleThreadSumResult SumMapperClass , ,28,1,true,ReducerClass SumMapperClass TokenCountsMapperClass ,,,
80,Thu Mar 18 22:12:18 CST 2021,34,0,SingleThreadTokenCount,DefaultFactoryMapObject DefaultFactoryReduceObject MapperFactory ReducerClass ReducerFactory StandAloneSingleThreadTokenCountMVC StandAloneSingleThreadTokenCountMapReduce StandAloneSingleThreadTokenCountResult TokenCountingMapper TokenCountsMapperClass , ,A1AccessModifiersMatched A1ClassIsGeneric A1ConfigurationProvided A1ExpectedCalls A1ExpectedGetters A1ExpectedSetters A1ExpectedSignatures A1ExpectedSupertypes A1InterfaceAsType A1MnemonicNames A1NamedConstants A1NoCheckstyleWarnings A1PublicMethodsOverride IntSummingMapper StandAloneSingleThreadSumFactoryChange StandAloneSingleThreadSumMVC StandAloneSingleThreadSumMapReduce StandAloneSingleThreadSumResult SumMapperClass , ,28,2,true,StandAloneSingleThreadTokenCountMVC StandAloneSingleThreadTokenCountMapReduce StandAloneSingleThreadTokenCountResult TokenCountingMapper ,,,
81,Thu Mar 18 22:18:03 CST 2021,34,0,A1GeneralStyleSuite,DefaultFactoryMapObject DefaultFactoryReduceObject MapperFactory ReducerClass ReducerFactory StandAloneSingleThreadTokenCountMVC StandAloneSingleThreadTokenCountMapReduce StandAloneSingleThreadTokenCountResult TokenCountingMapper TokenCountsMapperClass , ,A1AccessModifiersMatched A1ClassIsGeneric A1ConfigurationProvided A1ExpectedCalls A1ExpectedGetters A1ExpectedSetters A1ExpectedSignatures A1ExpectedSupertypes A1InterfaceAsType A1MnemonicNames A1NamedConstants A1NoCheckstyleWarnings A1PublicMethodsOverride IntSummingMapper StandAloneSingleThreadSumFactoryChange StandAloneSingleThreadSumMVC StandAloneSingleThreadSumMapReduce StandAloneSingleThreadSumResult SumMapperClass , ,28,3,true,A1AccessModifiersMatched A1InterfaceAsType A1MnemonicNames A1NamedConstants A1NoCheckstyleWarnings A1PublicMethodsOverride ,,A1AccessModifiersMatched A1MnemonicNames A1NoCheckstyleWarnings A1PublicMethodsOverride ,
82,Thu Mar 18 22:18:16 CST 2021,34,0,A1SpecificStyleSuite,DefaultFactoryMapObject DefaultFactoryReduceObject MapperFactory ReducerClass ReducerFactory StandAloneSingleThreadTokenCountMVC StandAloneSingleThreadTokenCountMapReduce StandAloneSingleThreadTokenCountResult TokenCountingMapper TokenCountsMapperClass , ,A1AccessModifiersMatched A1ClassIsGeneric A1ConfigurationProvided A1ExpectedCalls A1ExpectedGetters A1ExpectedSetters A1ExpectedSignatures A1ExpectedSupertypes A1InterfaceAsType A1MnemonicNames A1NamedConstants A1NoCheckstyleWarnings A1PublicMethodsOverride IntSummingMapper StandAloneSingleThreadSumFactoryChange StandAloneSingleThreadSumMVC StandAloneSingleThreadSumMapReduce StandAloneSingleThreadSumResult SumMapperClass , ,28,4,true,A1ClassIsGeneric A1ExpectedCalls A1ExpectedGetters A1ExpectedSetters A1ExpectedSignatures A1ExpectedSupertypes ,,,
